Year,RANK,Country name,Regional indicator,Happiness score,Whisker-high,Whisker-low,Log GDP per capita,Social support,Healthy life expectancy,Freedom to make life choices,Generosity,Perceptions of corruption,Dystopia + residual
2020,1,Finland,Western Europe,7.808700085,7.869766235,7.747633934,1.285189509,1.499525905,0.961271405,0.66231674,0.159670442,0.477857262,2.762835026
2020,2,Denmark,Western Europe,7.645599842,7.711244583,7.579955101,1.326948524,1.503449202,0.979332566,0.665039897,0.242793396,0.495260328,2.432740688
2020,3,Switzerland,Western Europe,7.559899807,7.628527641,7.491271973,1.39077425,1.472403407,1.040533185,0.62895447,0.269055754,0.407945901,2.35026741
2020,4,Iceland,Western Europe,7.504499912,7.621346951,7.387652874,1.326501608,1.547567487,1.000843406,0.661980748,0.362330228,0.144540772,2.460688114
2020,5,Norway,Western Europe,7.487999916,7.55628109,7.419718742,1.42420733,1.495172501,1.008071899,0.670200884,0.287985086,0.434100568,2.168266296
2020,6,Netherlands,Western Europe,7.448900223,7.503372192,7.394428253,1.338946342,1.463645935,0.975675344,0.61362648,0.336317569,0.368569762,2.352117062
2020,7,Sweden,Western Europe,7.353499889,7.424519062,7.282480717,1.322235227,1.433347702,0.986470461,0.650297701,0.272827893,0.442066371,2.246299267
2020,8,New Zealand,North America and ANZ,7.299600124,7.376952648,7.222247601,1.242317915,1.48721838,1.008138299,0.646789908,0.325726211,0.461268276,2.128108025
2020,9,Austria,Western Europe,7.294199944,7.359595776,7.228804111,1.317285538,1.437444925,1.000933528,0.603368878,0.255509764,0.281256139,2.398446083
2020,10,Luxembourg,Western Europe,7.237500191,7.297969818,7.177030563,1.536676049,1.387528419,0.986442685,0.610137045,0.19595392,0.367041469,2.153700352
2020,11,Canada,North America and ANZ,7.23210001,7.311294556,7.152905464,1.301647663,1.435391903,1.022501945,0.644028127,0.28152892,0.351701856,2.195269108
2020,12,Australia,North America and ANZ,7.222799778,7.30480814,7.140791416,1.310396433,1.477146268,1.022607684,0.621877193,0.324973613,0.335996419,2.129804134
2020,13,United Kingdom,Western Europe,7.164500237,7.237337589,7.091662884,1.273061037,1.457844973,0.97570008,0.525168657,0.373433441,0.322601646,2.236721992
2020,14,Israel,Middle East and North Africa,7.128600121,7.211929798,7.045270443,1.216463685,1.403256774,1.008052945,0.420699477,0.266861796,0.09989845,2.713358402
2020,15,Costa Rica,Latin America and Caribbean,7.121399879,7.209239483,7.033560276,0.981107712,1.374853611,0.939635336,0.645017743,0.131266311,0.096362092,2.953135014
2020,16,Ireland,Western Europe,7.093699932,7.171832085,7.01556778,1.446886778,1.470596433,0.975670695,0.587779939,0.295426995,0.373433262,1.943878174
2020,17,Germany,Western Europe,7.075799942,7.145595074,7.00600481,1.314184546,1.368543744,0.972114801,0.564274132,0.252037704,0.309362292,2.295249462
2020,18,United States,North America and ANZ,6.939599991,7.032339573,6.846860409,1.37398684,1.404786706,0.831618011,0.534608245,0.298143059,0.152284741,2.344124794
2020,19,Czech Republic,Central and Eastern Europe,6.910900116,6.994966984,6.826833248,1.212322354,1.40528667,0.89456445,0.505744576,0.046325929,0.049803223,2.796808243
2020,20,Belgium,Western Europe,6.863500118,6.930866241,6.796133995,1.295842767,1.398677588,0.964901149,0.499805421,0.146966159,0.208724052,2.348626614
2020,21,United Arab Emirates,Middle East and North Africa,6.790800095,6.870568752,6.711031437,1.431086421,1.251170993,0.787814438,0.652936101,0.28065598,0.220213518,2.166965961
2020,22,Malta,Western Europe,6.772799969,6.856997967,6.688601971,1.252513289,1.442956924,0.972042024,0.633239031,0.341180831,0.178864077,1.952012062
2020,23,France,Western Europe,6.663799763,6.737450123,6.590149403,1.268129349,1.458839178,1.029714227,0.514050901,0.112607703,0.227303237,2.053198338
2020,24,Mexico,Latin America and Caribbean,6.465000153,6.559319973,6.370680332,1.024387479,1.226333499,0.831601024,0.553892553,0.083094485,0.083133668,2.662540197
2020,25,Taiwan Province of China,East Asia,6.45539999,6.532113552,6.378686428,1.327470541,1.357760668,0.878437996,0.449404389,0.150598705,0.131516352,2.160238743
2020,26,Uruguay,Latin America and Caribbean,6.440100193,6.529121399,6.351078987,1.071000457,1.425081134,0.856928885,0.59426707,0.132143691,0.193425074,2.167276382
2020,27,Saudi Arabia,Middle East and North Africa,6.406499863,6.517305851,6.295693874,1.334328532,1.309950113,0.759818137,0.548477471,0.087440684,0.163322315,2.203118801
2020,28,Spain,Western Europe,6.400899887,6.483808517,6.317991257,1.230535269,1.421099186,1.051343083,0.425983816,0.16530548,0.109579779,1.997088432
2020,29,Guatemala,Latin America and Caribbean,6.398900032,6.5133605,6.284439564,0.753815711,1.174267054,0.705952585,0.613146722,0.170611665,0.0983603,2.882723093
2020,30,Italy,Western Europe,6.38740015,6.47224474,6.302555561,1.236396074,1.347296,1.022504926,0.321305573,0.170266211,0.040145598,2.249505997
2020,31,Singapore,Southeast Asia,6.377099991,6.442287445,6.311912537,1.519580126,1.39545691,1.137814283,0.635317206,0.218770906,0.533162236,0.937031746
2020,32,Brazil,Latin America and Caribbean,6.375599861,6.455549717,6.295650005,0.952679873,1.363464117,0.766119063,0.483292729,0.131674588,0.106518604,2.571860313
2020,33,Slovenia,Central and Eastern Europe,6.363399982,6.449328899,6.277471066,1.208652496,1.464677691,0.932548046,0.646700144,0.145701498,0.076516323,1.888586521
2020,34,El Salvador,Latin America and Caribbean,6.34829998,6.462466717,6.234133244,0.748940408,1.149397612,0.752730012,0.524043918,0.1189363,0.117030352,2.937191725
2020,35,Kosovo,Central and Eastern Europe,6.325200081,6.427544117,6.222856045,0.840481341,1.183962822,0.672709167,0.557280421,0.325286865,0.008559024,2.736902714
2020,36,Panama,Latin America and Caribbean,6.304800034,6.421860695,6.187739372,1.097667813,1.376149297,0.878546536,0.57984978,0.097207308,0.054230526,2.221176147
2020,37,Slovakia,Central and Eastern Europe,6.280600071,6.35683918,6.204360962,1.194837689,1.424331188,0.853465259,0.423542529,0.116729774,0.011291441,2.256422043
2020,38,Uzbekistan,Commonwealth of Independent States,6.257599831,6.36388588,6.151313782,0.696652949,1.434020042,0.716703713,0.693270326,0.363311023,0.280260265,2.073346615
2020,39,Chile,Latin America and Caribbean,6.228499889,6.318118572,6.138881207,1.096992493,1.323286891,0.889260828,0.417482227,0.155579001,0.06284935,2.283012867
2020,40,Bahrain,Middle East and North Africa,6.227300167,6.387789249,6.066811085,1.296692252,1.31532371,0.838836372,0.610399902,0.287453711,0.126697257,1.751917362
2020,41,Lithuania,Central and Eastern Europe,6.215499878,6.302118301,6.128881454,1.193559647,1.432865739,0.795421183,0.42046079,0.053691041,0.081350274,2.238146067
2020,42,Trinidad and Tobago,Latin America and Caribbean,6.191899776,6.416218758,5.967580795,1.167641521,1.407326221,0.658828557,0.55293113,0.199358255,0.015078396,2.190695763
2020,43,Poland,Central and Eastern Europe,6.186299801,6.255880356,6.116719246,1.16922915,1.310399771,0.868038476,0.557903528,0.063374244,0.160541251,2.056797981
2020,44,Colombia,Latin America and Caribbean,6.163400173,6.274102688,6.052697659,0.93220371,1.33445096,0.810020149,0.526890039,0.092374094,0.04584837,2.421656609
2020,45,Cyprus,Western Europe,6.15899992,6.258187771,6.059812069,1.21279943,1.149170756,1.026124597,0.459385872,0.227932334,0.051207144,2.032334805
2020,46,Nicaragua,Latin America and Caribbean,6.13710022,6.262318611,6.011881828,0.620033145,1.27081275,0.803093255,0.560117304,0.212871477,0.174084574,2.496081114
2020,47,Romania,Central and Eastern Europe,6.123700142,6.216668129,6.030732155,1.120401621,1.1944381,0.79229486,0.534852326,0.068181619,0.000829569,2.412749767
2020,48,Kuwait,Middle East and North Africa,6.102099895,6.206563473,5.997636318,1.424833655,1.244779825,0.776468933,0.570261419,0.132751092,0.112814933,1.840167999
2020,49,Mauritius,Sub-Saharan Africa,6.101299763,6.213463783,5.989135742,1.07366395,1.395666838,0.763389409,0.590838134,0.186894551,0.084088229,2.006720543
2020,50,Kazakhstan,Commonwealth of Independent States,6.057899952,6.1426301,5.973169804,1.122594237,1.453267694,0.698788941,0.497432142,0.153713793,0.110463686,2.021602631
2020,51,Estonia,Central and Eastern Europe,6.021800041,6.092330933,5.95126915,1.192441225,1.453232527,0.842615008,0.576664805,0.125136748,0.201766819,1.629928112
2020,52,Philippines,Southeast Asia,6.006000042,6.103722572,5.908277512,0.775120676,1.245381713,0.602189481,0.621915162,0.129260212,0.130385727,2.501741886
2020,53,Hungary,Central and Eastern Europe,6.000400066,6.077767372,5.923032761,1.164307117,1.423009396,0.806793869,0.386401802,0.070491239,0.027548173,2.121845722
2020,54,Thailand,Southeast Asia,5.998799801,6.082288742,5.91531086,1.007029295,1.347519517,0.793855846,0.609449804,0.376709014,0.031837862,1.832384109
2020,55,Argentina,Latin America and Caribbean,5.974699974,6.079445839,5.869954109,1.028465629,1.372543693,0.849773705,0.520840347,0.070100471,0.060415059,2.072540998
2020,56,Honduras,Latin America and Caribbean,5.953199863,6.082033634,5.824366093,0.598763585,1.186664104,0.791989982,0.568148077,0.256528199,0.086807102,2.464295387
2020,57,Latvia,Central and Eastern Europe,5.949999809,6.018282413,5.881717205,1.14139545,1.414398789,0.777902424,0.329198807,0.075407945,0.090391524,2.121283054
2020,58,Ecuador,Latin America and Caribbean,5.925199986,6.028846264,5.821553707,0.853383601,1.221027613,0.838837743,0.555234551,0.115006477,0.086753383,2.254933834
2020,59,Portugal,Western Europe,5.910900116,6.015089989,5.806710243,1.168800831,1.339530349,0.979315281,0.589895189,0.053036947,0.027733466,1.752558708
2020,60,Jamaica,Latin America and Caribbean,5.889800072,6.126157284,5.65344286,0.779058397,1.408289194,0.788434088,0.553124607,0.116268493,0.030147785,2.214436531
2020,61,South Korea,East Asia,5.872399807,5.958806515,5.785993099,1.245300651,1.133560538,1.022542596,0.25935635,0.170303866,0.094596282,1.946757078
2020,62,Japan,East Asia,5.870800018,5.951927662,5.789672375,1.26672411,1.332338691,1.072881341,0.495465875,0.03571178,0.181439638,1.486200333
2020,63,Peru,Latin America and Caribbean,5.796800137,5.916970253,5.67663002,0.91854918,1.208405972,0.824444175,0.513210058,0.091611817,0.02703266,2.213499546
2020,64,Serbia,Central and Eastern Europe,5.77820015,5.877596378,5.678803921,0.988181829,1.327448964,0.828403294,0.395428419,0.15028289,0.059447147,2.029040098
2020,65,Bolivia,Latin America and Caribbean,5.747499943,5.846765041,5.648234844,0.730976343,1.142350554,0.662445664,0.5744645,0.138375074,0.072942637,2.425928593
2020,66,Pakistan,South Asia,5.69329977,5.78780365,5.598795891,0.616799474,0.872979581,0.469933242,0.405421734,0.228705063,0.122592121,2.976876736
2020,67,Paraguay,Latin America and Caribbean,5.692100048,5.793937683,5.590262413,0.897990823,1.36819756,0.735869646,0.586510062,0.204299241,0.065077379,1.83412528
2020,68,Dominican Republic,Latin America and Caribbean,5.689199924,5.826069355,5.552330494,0.983191848,1.328888893,0.741901696,0.5628739,0.112196781,0.115945682,1.844246864
2020,69,Bosnia and Herzegovina,Central and Eastern Europe,5.674099922,5.765016556,5.583183289,0.91839546,1.203986526,0.813928187,0.305365741,0.264005244,0.001172487,2.16724205
2020,70,Moldova,Commonwealth of Independent States,5.607500076,5.690360069,5.524640083,0.707916796,1.237312198,0.713299453,0.389571488,0.174049184,0.014378744,2.370968342
2020,71,Tajikistan,Commonwealth of Independent States,5.555699825,5.619050026,5.492349625,0.474874616,1.218377709,0.680594802,0.521141171,0.182417125,0.221779913,2.25650835
2020,72,Montenegro,Central and Eastern Europe,5.54610014,5.642112255,5.450088024,1.010150075,1.265657902,0.839028895,0.303223848,0.14901033,0.098435111,1.880565882
2020,73,Russia,Commonwealth of Independent States,5.546000004,5.623634815,5.468365192,1.126999617,1.378644109,0.68044591,0.399499595,0.099041916,0.045699362,1.815716743
2020,74,Kyrgyzstan,Commonwealth of Independent States,5.541500092,5.627108097,5.455892086,0.513180971,1.341036677,0.680645883,0.614617765,0.30137074,0.030466691,2.060206652
2020,75,Belarus,Commonwealth of Independent States,5.539899826,5.612537384,5.467262268,1.018854499,1.38713932,0.75258857,0.290755868,0.08993306,0.193607435,1.8069911
2020,76,North Cyprus,Western Europe,5.53550005,5.635532856,5.435467243,1.21279943,1.183089137,1.026124597,0.477885723,0.199160054,0.199802905,1.23668766
2020,77,Greece,Western Europe,5.514999866,5.606986046,5.423013687,1.128070116,1.168973565,0.979431748,0.173516348,0.0,0.048844352,2.016179085
2020,78,Hong Kong S.A.R. of China,East Asia,5.510399818,5.600596905,5.420202732,1.376746058,1.243584275,1.136630654,0.459356517,0.288280904,0.332485437,0.673293114
2020,79,Croatia,Central and Eastern Europe,5.504700184,5.578756332,5.430644035,1.109024286,1.311264873,0.900575578,0.381456882,0.113998979,0.012325006,1.676029205
2020,80,Libya,Middle East and North Africa,5.488800049,5.607727528,5.36987257,1.021913767,1.196283698,0.615626633,0.451354057,0.142757699,0.172258079,1.888563156
2020,81,Mongolia,East Asia,5.456200123,5.535213947,5.377186298,0.904872775,1.458930612,0.615788162,0.355703115,0.263885736,0.046533126,1.810527563
2020,82,Malaysia,Southeast Asia,5.384300232,5.479953289,5.288647175,1.168421626,1.17400229,0.788511872,0.596941531,0.274886161,0.062163133,1.319420815
2020,83,Vietnam,Southeast Asia,5.353499889,5.41974926,5.287250519,0.718092382,1.253074765,0.819133997,0.650835574,0.136488721,0.089848459,1.685977936
2020,84,Indonesia,Southeast Asia,5.285600185,5.379077435,5.192122936,0.891720712,1.154800892,0.610437036,0.568161428,0.542646527,0.038278613,1.479573488
2020,85,Ivory Coast,Sub-Saharan Africa,5.233300209,5.376567364,5.090033054,0.537094414,0.799727261,0.154942513,0.397122532,0.169915587,0.093495794,3.081022501
2020,86,Benin,Sub-Saharan Africa,5.21600008,5.368408203,5.063591957,0.366244704,0.352428436,0.328062952,0.40583989,0.196670428,0.125931874,3.440809727
2020,87,Maldives,South Asia,5.197599888,5.338691235,5.056508541,0.937864304,1.402287602,0.914439559,0.548203647,0.224198252,0.071906492,1.098674774
2020,88,Congo (Brazzaville),Sub-Saharan Africa,5.194399834,5.345376492,5.043423176,0.633616745,0.757636011,0.458101124,0.386514395,0.117216013,0.118670784,2.722619534
2020,89,Azerbaijan,Commonwealth of Independent States,5.164800167,5.231826782,5.097773552,0.990272701,1.180613041,0.731134057,0.467734724,0.040113214,0.247307181,1.507632971
2020,90,Macedonia,Central and Eastern Europe,5.159800053,5.251452446,5.068147659,0.935371995,1.183173537,0.802994132,0.410224587,0.18586354,0.024595059,1.617594957
2020,91,Ghana,Sub-Saharan Africa,5.147999763,5.262923717,5.033075809,0.575862467,0.96636796,0.432162255,0.477290064,0.261291206,0.056570381,2.378437281
2020,92,Nepal,South Asia,5.137199879,5.250276566,5.024123192,0.444050372,1.100789309,0.66887939,0.480608255,0.300971806,0.127502963,2.014386892
2020,93,Turkey,Middle East and North Africa,5.131800175,5.20988369,5.05371666,1.127169251,1.197159171,0.781335294,0.25440076,0.085885569,0.120983243,1.564816713
2020,94,China,East Asia,5.123899937,5.174667358,5.073132515,0.990533412,1.132080674,0.867248535,0.601605117,0.079021044,0.117255554,1.336181879
2020,95,Turkmenistan,Commonwealth of Independent States,5.119100094,5.17668438,5.061515808,1.008963585,1.510476947,0.612448037,0.515236676,0.323129326,0.03350389,1.115337372
2020,96,Bulgaria,Central and Eastern Europe,5.101500034,5.188173294,5.014826775,1.046554685,1.460578918,0.777776897,0.417820066,0.103833713,0.0,1.294961452
2020,97,Morocco,Middle East and North Africa,5.094799995,5.203875065,4.985724926,0.75862211,0.645208478,0.745096922,0.450054139,0.040032551,0.077385604,2.378402472
2020,98,Cameroon,Sub-Saharan Africa,5.084899902,5.216800213,4.952999592,0.503958046,0.89972645,0.270189553,0.439242482,0.198020101,0.054393422,2.719370842
2020,99,Venezuela,Latin America and Caribbean,5.053199768,5.179189682,4.927209854,0.770238638,1.348546863,0.76702553,0.271717221,0.087179154,0.063624777,1.74484086
2020,100,Algeria,Middle East and North Africa,5.005099773,5.09180212,4.918397427,0.943856001,1.143003583,0.745418549,0.083943799,0.118915014,0.129190654,1.840811729
2020,101,Senegal,Sub-Saharan Africa,4.980800152,5.084227562,4.877372742,0.504061818,0.95459342,0.518391907,0.352400899,0.164397135,0.081865937,2.405123949
2020,102,Guinea,Sub-Saharan Africa,4.949299812,5.09246254,4.806137085,0.390007734,0.75136596,0.333655238,0.371878058,0.249490842,0.112204559,2.740729809
2020,103,Niger,Sub-Saharan Africa,4.909599781,5.060927868,4.758271694,0.108330332,0.703800142,0.298816353,0.435311615,0.208176896,0.137554765,3.017630577
2020,104,Laos,Southeast Asia,4.888599873,4.967526436,4.809673309,0.714693844,0.987391889,0.486378282,0.612027287,0.27266711,0.194273964,1.621152639
2020,105,Albania,Central and Eastern Europe,4.882699966,4.992686749,4.772713184,0.906653047,0.830483913,0.846329629,0.461945891,0.171027765,0.025361285,1.640897036
2020,106,Cambodia,Southeast Asia,4.848400116,4.962093353,4.734706879,0.544634938,1.071426034,0.587904334,0.674940348,0.233342081,0.072837502,1.663300037
2020,107,Bangladesh,South Asia,4.832799911,4.911443233,4.75415659,0.556156278,0.868800581,0.694940507,0.604130566,0.176745117,0.176735908,1.755261898
2020,108,Gabon,Sub-Saharan Africa,4.829299927,4.947425842,4.711174011,0.988044381,1.10639751,0.522574842,0.369459897,0.052013602,0.055804539,1.735027552
2020,109,South Africa,Sub-Saharan Africa,4.814099789,4.931746006,4.696453571,0.902140439,1.259086251,0.407034069,0.43478182,0.126406848,0.05950214,1.625117302
2020,110,Iraq,Middle East and North Africa,4.784800053,4.937272072,4.632328033,0.982018709,1.011466622,0.529350698,0.283588052,0.153002068,0.073164992,1.752173662
2020,111,Lebanon,Middle East and North Africa,4.771500111,4.857257843,4.685742378,0.889232516,1.19249332,0.788671136,0.18551667,0.158524141,0.021518147,1.53554225
2020,112,Burkina Faso,Sub-Saharan Africa,4.768700123,4.890351772,4.647048473,0.302467644,0.9293859,0.312833875,0.322398156,0.186390609,0.126408055,2.588826418
2020,113,Gambia,Sub-Saharan Africa,4.750599861,4.882240772,4.61895895,0.256990552,0.882678688,0.353247881,0.403419524,0.425989687,0.158093795,2.270216465
2020,114,Mali,Sub-Saharan Africa,4.729300022,4.855451107,4.603148937,0.352462649,0.97314173,0.234981522,0.377534449,0.16966705,0.062146276,2.559335232
2020,115,Nigeria,Sub-Saharan Africa,4.724100113,4.826248169,4.621952057,0.645901859,0.986717939,0.167835936,0.435079455,0.221328124,0.047589935,2.219635487
2020,116,Armenia,Commonwealth of Independent States,4.676799774,4.791646481,4.561953068,0.808262408,1.034576893,0.77585727,0.378075808,0.107225738,0.104618184,1.468161583
2020,117,Georgia,Commonwealth of Independent States,4.672599792,4.757698059,4.587501526,0.847198069,0.7311939,0.694657624,0.485494107,0.047609735,0.174088076,1.69239831
2020,118,Iran,Middle East and North Africa,4.672399998,4.78192091,4.562879086,1.029322505,0.886271179,0.749053836,0.301195472,0.27697894,0.142651513,1.286969423
2020,119,Jordan,Middle East and North Africa,4.633399963,4.748552322,4.518247604,0.785179198,1.140118599,0.777624726,0.424855083,0.091494769,0.151878625,1.262258053
2020,120,Mozambique,Sub-Saharan Africa,4.623600006,4.778996944,4.468203068,0.178741366,0.955202878,0.324223638,0.56077534,0.220422104,0.163064316,2.221216202
2020,121,Kenya,Sub-Saharan Africa,4.583000183,4.715898037,4.450102329,0.476413399,0.905077755,0.536312759,0.519180536,0.393902093,0.067201078,1.684904575
2020,122,Namibia,Sub-Saharan Africa,4.571100235,4.690628052,4.451572418,0.84008199,1.245738149,0.40687117,0.444598973,0.076454483,0.054320343,1.503033161
2020,123,Ukraine,Commonwealth of Independent States,4.56069994,4.658080578,4.463319302,0.780434608,1.321316481,0.698674381,0.319423705,0.178551316,0.00965116,1.252669334
2020,124,Liberia,Sub-Saharan Africa,4.557899952,4.71853447,4.397265434,0.174103007,0.920733929,0.392284274,0.405943096,0.226967871,0.051139876,2.386757851
2020,125,Palestinian Territories,Middle East and North Africa,4.552800179,4.662314892,4.443285465,0.587819219,1.194755554,0.613826573,0.29870075,0.091816261,0.071913652,1.693985701
2020,126,Uganda,Sub-Saharan Africa,4.43200016,4.566251278,4.297749043,0.312337428,1.052327394,0.378311664,0.401682556,0.264807373,0.063818842,1.958671093
2020,127,Chad,Sub-Saharan Africa,4.422699928,4.570153236,4.27524662,0.302287489,0.739118278,0.1087441,0.228601769,0.210805088,0.085755408,2.74742651
2020,128,Tunisia,Middle East and North Africa,4.392199993,4.489554405,4.294845581,0.874742687,0.872167706,0.781156719,0.235860556,0.055881143,0.043899573,1.528496742
2020,129,Mauritania,Sub-Saharan Africa,4.374599934,4.482583046,4.266616821,0.539684892,1.113323569,0.425184816,0.185714483,0.128899664,0.122257635,1.85955739
2020,130,Sri Lanka,South Asia,4.327000141,4.431047916,4.222952366,0.897986948,1.19494009,0.792036712,0.528632462,0.252666146,0.049444564,0.611288548
2020,131,Congo (Kinshasa),Sub-Saharan Africa,4.31099987,4.524636269,4.097363472,0.062487468,0.833055019,0.277212054,0.36462298,0.254324883,0.081466645,2.437864304
2020,132,Swaziland,Sub-Saharan Africa,4.308100224,4.448145866,4.168054581,0.827539742,1.064835191,0.215585828,0.299935788,0.067264833,0.146765873,1.686207294
2020,133,Myanmar,Southeast Asia,4.308000088,4.392180443,4.223819733,0.67809093,1.098178267,0.495443076,0.597478867,0.569813728,0.187530354,0.681462526
2020,134,Comoros,Sub-Saharan Africa,4.288599968,4.453906536,4.1232934,0.415620774,0.723232806,0.437383324,0.181028232,0.258538276,0.100048535,2.17276907
2020,135,Togo,Sub-Saharan Africa,4.187200069,4.309713364,4.064686775,0.268116266,0.547622859,0.342731178,0.303539038,0.200774252,0.114826456,2.409595251
2020,136,Ethiopia,Sub-Saharan Africa,4.186200142,4.262473583,4.109926701,0.315125644,1.001103282,0.483846247,0.41256687,0.227698103,0.117437035,1.628459215
2020,137,Madagascar,Sub-Saharan Africa,4.165599823,4.278382301,4.052817345,0.244553208,0.823694348,0.500617027,0.192967549,0.191190064,0.076248638,2.136298418
2020,138,Egypt,Middle East and North Africa,4.151400089,4.221919537,4.080880642,0.875228941,0.982539535,0.596911311,0.373684734,0.068801254,0.095461793,1.158818245
2020,139,Sierra Leone,Sub-Saharan Africa,3.926399946,4.046255589,3.806544304,0.240560383,0.747984946,0.203953966,0.382027686,0.257647008,0.047940936,2.046271801
2020,140,Burundi,Sub-Saharan Africa,3.775300026,3.98526001,3.565340042,0.0,0.403575271,0.295212835,0.275399059,0.187401786,0.212186828,2.401507378
2020,141,Zambia,Sub-Saharan Africa,3.759399891,3.878326178,3.640473604,0.536833763,0.896037281,0.36359334,0.49131754,0.250620902,0.086705238,1.134339333
2020,142,Haiti,Latin America and Caribbean,3.720799923,3.919667482,3.521932364,0.284734428,0.646671355,0.37436673,0.169297516,0.463909656,0.161935672,1.619916916
2020,143,Lesotho,Sub-Saharan Africa,3.652800083,3.813757181,3.491842985,0.45493874,1.088940024,0.100934811,0.409367532,0.102627642,0.050483823,1.445513964
2020,144,India,South Asia,3.573299885,3.627596378,3.519003391,0.730576158,0.644198656,0.54057014,0.581142247,0.237072483,0.105587982,0.734130859
2020,145,Malawi,Sub-Saharan Africa,3.538000107,3.675710678,3.400289536,0.176534727,0.53036809,0.446163297,0.487389833,0.213185057,0.131633952,1.552718282
2020,146,Yemen,Middle East and North Africa,3.527400017,3.633549929,3.421250105,0.392701775,1.177477121,0.41500017,0.243721485,0.094689012,0.087352127,1.116472721
2020,147,Botswana,Sub-Saharan Africa,3.478899956,3.597563744,3.360236168,0.997548997,1.08569479,0.494101733,0.50908941,0.033407487,0.101786368,0.257240534
2020,148,Tanzania,Sub-Saharan Africa,3.476200104,3.600091219,3.352308989,0.457163125,0.872674644,0.442677855,0.509343088,0.27154091,0.203880861,0.718963385
2020,149,Central African Republic,Sub-Saharan Africa,3.475899935,3.701658487,3.250141382,0.041072082,0.0,0.0,0.292814463,0.253513217,0.028264718,2.860197544
2020,150,Rwanda,Sub-Saharan Africa,3.312299967,3.415053368,3.209546566,0.343242675,0.522876322,0.572383285,0.604087889,0.235704988,0.485542476,0.548444986
2020,151,Zimbabwe,Sub-Saharan Africa,3.299200058,3.414201975,3.184198141,0.425564021,1.047835231,0.375037611,0.37740472,0.151349187,0.080928579,0.841031075
2020,152,South Sudan,Sub-Saharan Africa,2.816600084,3.027516365,2.605683804,0.289082974,0.553278506,0.208809033,0.065609254,0.209934607,0.111156799,1.378751278
2020,153,Afghanistan,South Asia,2.566900015,2.628270388,2.505529642,0.30070585,0.356433839,0.266051531,0.0,0.135234714,0.001225785,1.507235646
2021,1,Finland,Western Europe,7.842,7.904,7.78,1.446,1.106,0.741,0.691,0.124,0.481,3.253
2021,2,Denmark,Western Europe,7.62,7.687,7.552,1.502,1.108,0.763,0.686,0.208,0.485,2.868
2021,3,Switzerland,Western Europe,7.571,7.643,7.5,1.566,1.079,0.816,0.653,0.204,0.413,2.839
2021,4,Iceland,Western Europe,7.554,7.67,7.438,1.482,1.172,0.772,0.698,0.293,0.17,2.967
2021,5,Netherlands,Western Europe,7.464,7.518,7.41,1.501,1.079,0.753,0.647,0.302,0.384,2.798
2021,6,Norway,Western Europe,7.392,7.462,7.323,1.543,1.108,0.782,0.703,0.249,0.427,2.58
2021,7,Sweden,Western Europe,7.363,7.433,7.293,1.478,1.062,0.763,0.685,0.244,0.448,2.683
2021,8,Luxembourg,Western Europe,7.324,7.396,7.252,1.751,1.003,0.76,0.639,0.166,0.353,2.653
2021,9,New Zealand,North America and ANZ,7.277,7.355,7.198,1.4,1.094,0.785,0.665,0.276,0.445,2.612
2021,10,Austria,Western Europe,7.268,7.337,7.198,1.492,1.062,0.782,0.64,0.215,0.292,2.784
2021,11,Australia,North America and ANZ,7.183,7.265,7.102,1.453,1.076,0.801,0.647,0.291,0.317,2.598
2021,12,Israel,Middle East and North Africa,7.157,7.224,7.09,1.376,1.074,0.788,0.509,0.208,0.119,3.083
2021,13,Germany,Western Europe,7.155,7.232,7.077,1.48,0.993,0.757,0.6,0.195,0.306,2.824
2021,14,Canada,North America and ANZ,7.103,7.185,7.021,1.447,1.044,0.798,0.648,0.246,0.335,2.585
2021,15,Ireland,Western Europe,7.085,7.164,7.006,1.644,1.092,0.753,0.606,0.238,0.367,2.384
2021,16,Costa Rica,Latin America and Caribbean,7.069,7.179,6.96,1.134,0.966,0.722,0.673,0.105,0.083,3.387
2021,17,United Kingdom,Western Europe,7.064,7.138,6.99,1.423,1.062,0.757,0.58,0.34,0.306,2.596
2021,18,Czech Republic,Central and Eastern Europe,6.965,7.062,6.868,1.37,1.09,0.703,0.58,0.052,0.046,3.124
2021,19,United States,North America and ANZ,6.951,7.047,6.856,1.533,1.03,0.621,0.554,0.252,0.154,2.807
2021,20,Belgium,Western Europe,6.834,6.901,6.767,1.463,0.998,0.747,0.489,0.088,0.187,2.862
2021,21,France,Western Europe,6.69,6.762,6.618,1.421,1.081,0.804,0.536,0.092,0.235,2.521
2021,22,Bahrain,Middle East and North Africa,6.647,6.779,6.514,1.409,0.899,0.662,0.661,0.246,0.139,2.631
2021,23,Malta,Western Europe,6.602,6.688,6.516,1.411,1.055,0.747,0.664,0.275,0.183,2.268
2021,24,Taiwan Province of China,East Asia,6.584,6.659,6.51,1.48,0.982,0.665,0.49,0.142,0.139,2.687
2021,25,United Arab Emirates,Middle East and North Africa,6.561,6.637,6.484,1.555,0.86,0.594,0.67,0.236,0.223,2.422
2021,26,Saudi Arabia,Middle East and North Africa,6.494,6.604,6.384,1.435,0.964,0.571,0.603,0.09,0.163,2.668
2021,27,Spain,Western Europe,6.491,6.574,6.408,1.375,1.057,0.826,0.462,0.135,0.124,2.513
2021,28,Italy,Western Europe,6.483,6.572,6.395,1.393,0.94,0.798,0.379,0.133,0.047,2.794
2021,29,Slovenia,Central and Eastern Europe,6.461,6.546,6.376,1.36,1.093,0.722,0.69,0.122,0.085,2.388
2021,30,Guatemala,Latin America and Caribbean,6.435,6.577,6.292,0.845,0.79,0.519,0.638,0.163,0.105,3.375
2021,31,Uruguay,Latin America and Caribbean,6.431,6.521,6.341,1.164,1.042,0.649,0.625,0.128,0.223,2.6
2021,32,Singapore,Southeast Asia,6.377,6.46,6.293,1.695,1.019,0.897,0.664,0.176,0.547,1.379
2021,33,Kosovo,Central and Eastern Europe,6.372,6.487,6.257,0.937,0.807,0.483,0.593,0.356,0.014,3.182
2021,34,Slovakia,Central and Eastern Europe,6.331,6.411,6.251,1.304,1.066,0.653,0.468,0.107,0.018,2.714
2021,35,Brazil,Latin America and Caribbean,6.33,6.415,6.245,1.028,0.944,0.571,0.514,0.142,0.117,3.015
2021,36,Mexico,Latin America and Caribbean,6.317,6.42,6.213,1.126,0.83,0.634,0.585,0.092,0.089,2.961
2021,37,Jamaica,Latin America and Caribbean,6.309,6.615,6.004,0.891,0.932,0.599,0.618,0.099,0.035,3.135
2021,38,Lithuania,Central and Eastern Europe,6.255,6.344,6.167,1.35,1.065,0.612,0.476,0.056,0.073,2.624
2021,39,Cyprus,Western Europe,6.223,6.319,6.128,1.377,0.765,0.801,0.464,0.178,0.061,2.578
2021,40,Estonia,Central and Eastern Europe,6.189,6.263,6.115,1.344,1.079,0.64,0.641,0.119,0.263,2.103
2021,41,Panama,Latin America and Caribbean,6.18,6.323,6.036,1.298,0.976,0.667,0.596,0.079,0.053,2.509
2021,42,Uzbekistan,Commonwealth of Independent States,6.179,6.312,6.045,0.769,1.027,0.528,0.716,0.391,0.271,2.477
2021,43,Chile,Latin America and Caribbean,6.172,6.262,6.081,1.2,0.946,0.678,0.438,0.159,0.07,2.682
2021,44,Poland,Central and Eastern Europe,6.166,6.245,6.087,1.309,0.982,0.668,0.558,0.08,0.13,2.438
2021,45,Kazakhstan,Commonwealth of Independent States,6.152,6.243,6.06,1.23,1.103,0.527,0.573,0.143,0.132,2.446
2021,46,Romania,Central and Eastern Europe,6.14,6.253,6.027,1.275,0.832,0.595,0.564,0.045,0.001,2.83
2021,47,Kuwait,Middle East and North Africa,6.106,6.235,5.977,1.461,0.857,0.58,0.591,0.12,0.13,2.368
2021,48,Serbia,Central and Eastern Europe,6.078,6.181,5.974,1.101,0.924,0.634,0.482,0.189,0.066,2.682
2021,49,El Salvador,Latin America and Caribbean,6.061,6.188,5.933,0.845,0.675,0.565,0.615,0.116,0.16,3.085
2021,50,Mauritius,Sub-Saharan Africa,6.049,6.165,5.933,1.178,0.996,0.574,0.59,0.153,0.096,2.462
2021,51,Latvia,Central and Eastern Europe,6.032,6.103,5.961,1.285,1.047,0.587,0.405,0.082,0.089,2.536
2021,52,Colombia,Latin America and Caribbean,6.012,6.132,5.892,1.021,0.866,0.615,0.554,0.1,0.063,2.794
2021,53,Hungary,Central and Eastern Europe,5.992,6.085,5.899,1.301,1.083,0.615,0.454,0.067,0.04,2.432
2021,54,Thailand,Southeast Asia,5.985,6.077,5.893,1.107,0.957,0.596,0.611,0.375,0.028,2.309
2021,55,Nicaragua,Latin America and Caribbean,5.972,6.134,5.81,0.693,0.904,0.604,0.553,0.201,0.176,2.841
2021,56,Japan,East Asia,5.94,6.02,5.861,1.389,0.949,0.838,0.504,0.02,0.192,2.048
2021,57,Argentina,Latin America and Caribbean,5.929,6.04,5.819,1.162,0.98,0.646,0.544,0.069,0.067,2.461
2021,58,Portugal,Western Europe,5.929,6.037,5.821,1.323,0.939,0.76,0.621,0.029,0.033,2.225
2021,59,Honduras,Latin America and Caribbean,5.919,6.081,5.758,0.703,0.787,0.593,0.578,0.241,0.083,2.934
2021,60,Croatia,Central and Eastern Europe,5.882,5.975,5.788,1.251,1.039,0.703,0.453,0.111,0.0,2.325
2021,61,Philippines,Southeast Asia,5.88,5.982,5.778,0.853,0.828,0.426,0.651,0.125,0.126,2.872
2021,62,South Korea,East Asia,5.845,5.928,5.763,1.403,0.758,0.801,0.353,0.134,0.135,2.262
2021,63,Peru,Latin America and Caribbean,5.84,5.988,5.692,0.986,0.833,0.623,0.536,0.087,0.031,2.744
2021,64,Bosnia and Herzegovina,Central and Eastern Europe,5.813,5.911,5.715,1.032,0.919,0.618,0.395,0.261,0.005,2.583
2021,65,Moldova,Commonwealth of Independent States,5.766,5.856,5.677,0.985,0.888,0.542,0.536,0.137,0.013,2.665
2021,66,Ecuador,Latin America and Caribbean,5.764,5.875,5.653,0.935,0.806,0.64,0.56,0.107,0.062,2.653
2021,67,Kyrgyzstan,Commonwealth of Independent States,5.744,5.834,5.653,0.665,0.971,0.501,0.673,0.266,0.02,2.648
2021,68,Greece,Western Europe,5.723,5.813,5.632,1.273,0.811,0.76,0.243,0.0,0.074,2.561
2021,69,Bolivia,Latin America and Caribbean,5.716,5.819,5.613,0.842,0.782,0.486,0.6,0.138,0.064,2.805
2021,70,Mongolia,East Asia,5.677,5.76,5.595,0.966,1.065,0.442,0.397,0.263,0.053,2.492
2021,71,Paraguay,Latin America and Caribbean,5.653,5.832,5.473,0.983,0.97,0.549,0.602,0.206,0.037,2.306
2021,72,Montenegro,Central and Eastern Europe,5.581,5.686,5.475,1.155,0.891,0.637,0.397,0.166,0.081,2.254
2021,73,Dominican Republic,Latin America and Caribbean,5.545,5.685,5.405,1.106,0.879,0.555,0.581,0.101,0.144,2.178
2021,74,North Cyprus,Western Europe,5.536,5.636,5.435,1.377,0.806,0.801,0.503,0.196,0.2,1.653
2021,75,Belarus,Commonwealth of Independent States,5.534,5.625,5.442,1.124,1.007,0.56,0.326,0.07,0.199,2.247
2021,76,Russia,Commonwealth of Independent States,5.477,5.541,5.413,1.241,0.992,0.511,0.409,0.115,0.06,2.148
2021,77,Hong Kong S.A.R. of China,East Asia,5.477,5.573,5.38,1.525,0.841,0.893,0.408,0.232,0.342,1.236
2021,78,Tajikistan,Commonwealth of Independent States,5.466,5.532,5.4,0.508,0.895,0.498,0.548,0.152,0.247,2.619
2021,79,Vietnam,Southeast Asia,5.411,5.488,5.334,0.817,0.873,0.616,0.679,0.124,0.091,2.211
2021,80,Libya,Middle East and North Africa,5.41,5.558,5.262,1.044,0.821,0.435,0.474,0.131,0.174,2.331
2021,81,Malaysia,Southeast Asia,5.384,5.48,5.289,1.259,0.797,0.587,0.624,0.27,0.064,1.784
2021,82,Indonesia,Southeast Asia,5.345,5.454,5.235,0.954,0.786,0.433,0.598,0.541,0.046,1.987
2021,83,Congo (Brazzaville),Sub-Saharan Africa,5.342,5.533,5.151,0.518,0.392,0.307,0.381,0.144,0.124,3.476
2021,84,China,East Asia,5.339,5.397,5.281,1.061,0.785,0.665,0.636,0.093,0.117,1.982
2021,85,Ivory Coast,Sub-Saharan Africa,5.306,5.46,5.152,0.669,0.409,0.052,0.438,0.177,0.092,3.469
2021,86,Armenia,Commonwealth of Independent States,5.283,5.397,5.168,0.996,0.758,0.585,0.54,0.079,0.198,2.127
2021,87,Nepal,South Asia,5.269,5.406,5.132,0.519,0.702,0.496,0.488,0.287,0.135,2.642
2021,88,Bulgaria,Central and Eastern Europe,5.266,5.371,5.16,1.181,1.055,0.583,0.494,0.125,0.005,1.823
2021,89,Maldives,South Asia,5.198,5.339,5.057,1.115,1.015,0.697,0.575,0.204,0.073,1.52
2021,90,Azerbaijan,Commonwealth of Independent States,5.171,5.25,5.091,1.025,0.841,0.541,0.526,0.043,0.276,1.919
2021,91,Cameroon,Sub-Saharan Africa,5.142,5.288,4.996,0.543,0.556,0.159,0.425,0.205,0.058,3.195
2021,92,Senegal,Sub-Saharan Africa,5.132,5.266,4.998,0.518,0.558,0.357,0.381,0.158,0.088,3.071
2021,93,Albania,Central and Eastern Europe,5.117,5.234,5.001,1.008,0.529,0.646,0.491,0.168,0.024,2.25
2021,94,North Macedonia,Central and Eastern Europe,5.101,5.202,5.001,1.068,0.772,0.535,0.45,0.212,0.022,2.042
2021,95,Ghana,Sub-Saharan Africa,5.088,5.219,4.958,0.68,0.595,0.287,0.517,0.268,0.058,2.684
2021,96,Niger,Sub-Saharan Africa,5.074,5.273,4.875,0.162,0.402,0.167,0.516,0.2,0.157,3.47
2021,97,Turkmenistan,Commonwealth of Independent States,5.066,5.136,4.996,1.046,1.172,0.439,0.602,0.366,0.033,1.409
2021,98,Gambia,Sub-Saharan Africa,5.051,5.225,4.877,0.367,0.511,0.21,0.384,0.465,0.123,2.99
2021,99,Benin,Sub-Saharan Africa,5.045,5.189,4.901,0.507,0.058,0.196,0.457,0.166,0.178,3.482
2021,100,Laos,Southeast Asia,5.03,5.119,4.941,0.808,0.598,0.33,0.643,0.268,0.179,2.204
2021,101,Bangladesh,South Asia,5.025,5.115,4.934,0.635,0.52,0.514,0.603,0.161,0.164,2.427
2021,102,Guinea,Sub-Saharan Africa,4.984,5.16,4.808,0.42,0.399,0.206,0.384,0.25,0.111,3.216
2021,103,South Africa,Sub-Saharan Africa,4.956,5.074,4.839,0.967,0.895,0.265,0.447,0.144,0.051,2.187
2021,104,Turkey,Middle East and North Africa,4.948,5.038,4.857,1.26,0.809,0.59,0.236,0.097,0.104,1.852
2021,105,Pakistan,South Asia,4.934,5.066,4.802,0.637,0.423,0.322,0.418,0.252,0.097,2.784
2021,106,Morocco,Middle East and North Africa,4.918,5.036,4.8,0.792,0.219,0.558,0.477,0.034,0.088,2.749
2021,107,Venezuela,Latin America and Caribbean,4.892,5.017,4.767,0.852,0.897,0.574,0.284,0.078,0.072,2.135
2021,108,Georgia,Commonwealth of Independent States,4.891,4.998,4.785,1.03,0.47,0.498,0.488,0.032,0.181,2.191
2021,109,Algeria,Middle East and North Africa,4.887,4.991,4.783,0.946,0.765,0.552,0.119,0.144,0.12,2.242
2021,110,Ukraine,Commonwealth of Independent States,4.875,4.977,4.773,0.979,0.958,0.517,0.417,0.181,0.01,1.813
2021,111,Iraq,Middle East and North Africa,4.854,4.97,4.738,0.91,0.638,0.381,0.302,0.153,0.041,2.429
2021,112,Gabon,Sub-Saharan Africa,4.852,4.998,4.706,1.037,0.707,0.362,0.424,0.058,0.064,2.201
2021,113,Burkina Faso,Sub-Saharan Africa,4.834,4.993,4.675,0.364,0.472,0.179,0.381,0.182,0.122,3.133
2021,114,Cambodia,Southeast Asia,4.83,4.963,4.698,0.603,0.68,0.426,0.702,0.21,0.061,2.148
2021,115,Mozambique,Sub-Saharan Africa,4.794,4.997,4.592,0.183,0.634,0.196,0.608,0.228,0.163,2.783
2021,116,Nigeria,Sub-Saharan Africa,4.759,4.861,4.658,0.663,0.625,0.051,0.433,0.212,0.039,2.736
2021,117,Mali,Sub-Saharan Africa,4.723,4.884,4.563,0.387,0.59,0.11,0.384,0.164,0.072,3.016
2021,118,Iran,Middle East and North Africa,4.721,4.828,4.614,1.03,0.557,0.561,0.275,0.33,0.144,1.823
2021,119,Uganda,Sub-Saharan Africa,4.636,4.78,4.493,0.364,0.718,0.24,0.398,0.267,0.054,2.596
2021,120,Liberia,Sub-Saharan Africa,4.625,4.833,4.417,0.228,0.58,0.253,0.43,0.221,0.057,2.857
2021,121,Kenya,Sub-Saharan Africa,4.607,4.747,4.466,0.603,0.508,0.385,0.483,0.375,0.073,2.18
2021,122,Tunisia,Middle East and North Africa,4.596,4.709,4.484,0.919,0.515,0.59,0.334,0.057,0.044,2.138
2021,123,Lebanon,Middle East and North Africa,4.584,4.691,4.477,1.045,0.868,0.595,0.175,0.14,0.026,1.736
2021,124,Namibia,Sub-Saharan Africa,4.574,4.7,4.448,0.882,0.801,0.262,0.411,0.091,0.059,2.068
2021,125,Palestinian Territories,Middle East and North Africa,4.517,4.649,4.384,0.646,0.819,0.434,0.33,0.082,0.075,2.131
2021,126,Myanmar,Southeast Asia,4.426,4.527,4.324,0.666,0.713,0.341,0.601,0.52,0.178,1.407
2021,127,Jordan,Middle East and North Africa,4.395,4.516,4.273,0.89,0.685,0.583,0.455,0.079,0.15,1.553
2021,128,Chad,Sub-Saharan Africa,4.355,4.54,4.171,0.255,0.353,0.0,0.24,0.215,0.084,3.209
2021,129,Sri Lanka,South Asia,4.325,4.454,4.196,0.99,0.82,0.593,0.559,0.239,0.049,1.075
2021,130,Swaziland,Sub-Saharan Africa,4.308,4.448,4.168,0.849,0.693,0.074,0.323,0.067,0.147,2.155
2021,131,Comoros,Sub-Saharan Africa,4.289,4.454,4.123,0.488,0.367,0.279,0.202,0.241,0.101,2.61
2021,132,Egypt,Middle East and North Africa,4.283,4.371,4.195,0.954,0.647,0.426,0.446,0.069,0.092,1.648
2021,133,Ethiopia,Sub-Saharan Africa,4.275,4.374,4.175,0.37,0.679,0.331,0.451,0.241,0.114,2.089
2021,134,Mauritania,Sub-Saharan Africa,4.227,4.365,4.09,0.666,0.749,0.273,0.218,0.119,0.133,2.069
2021,135,Madagascar,Sub-Saharan Africa,4.208,4.349,4.068,0.266,0.503,0.341,0.207,0.185,0.087,2.62
2021,136,Togo,Sub-Saharan Africa,4.107,4.258,3.956,0.254,0.239,0.203,0.289,0.209,0.107,2.806
2021,137,Zambia,Sub-Saharan Africa,4.073,4.209,3.938,0.528,0.552,0.231,0.487,0.227,0.074,1.975
2021,138,Sierra Leone,Sub-Saharan Africa,3.849,4.001,3.698,0.279,0.377,0.1,0.408,0.243,0.047,2.396
2021,139,India,South Asia,3.819,3.869,3.769,0.741,0.316,0.383,0.622,0.246,0.106,1.405
2021,140,Burundi,Sub-Saharan Africa,3.775,3.985,3.565,0.0,0.062,0.155,0.298,0.172,0.212,2.876
2021,141,Yemen,Middle East and North Africa,3.658,3.794,3.521,0.329,0.831,0.272,0.268,0.092,0.089,1.776
2021,142,Tanzania,Sub-Saharan Africa,3.623,3.762,3.485,0.433,0.54,0.3,0.549,0.307,0.231,1.263
2021,143,Haiti,Latin America and Caribbean,3.615,3.953,3.276,0.294,0.173,0.227,0.257,0.463,0.139,2.06
2021,144,Malawi,Sub-Saharan Africa,3.6,3.781,3.419,0.113,0.168,0.298,0.484,0.213,0.134,2.19
2021,145,Lesotho,Sub-Saharan Africa,3.512,3.748,3.276,0.451,0.731,0.007,0.405,0.103,0.015,1.8
2021,146,Botswana,Sub-Saharan Africa,3.467,3.611,3.322,1.099,0.724,0.34,0.539,0.027,0.088,0.648
2021,147,Rwanda,Sub-Saharan Africa,3.415,3.548,3.282,0.364,0.202,0.407,0.627,0.227,0.493,1.095
2021,148,Zimbabwe,Sub-Saharan Africa,3.145,3.259,3.03,0.457,0.649,0.243,0.359,0.157,0.075,1.205
2021,149,Afghanistan,South Asia,2.523,2.596,2.449,0.37,0.0,0.126,0.0,0.122,0.01,1.895
2022,1,Finland,Western Europe,7.821,7.886,7.756,1.892,1.258,0.775,0.736,0.109,0.534,2.518
2022,2,Denmark,Western Europe,7.636,7.71,7.563,1.953,1.243,0.777,0.719,0.188,0.532,2.226
2022,3,Iceland,Western Europe,7.557,7.651,7.464,1.936,1.32,0.803,0.718,0.27,0.191,2.32
2022,4,Switzerland,Western Europe,7.512,7.586,7.437,2.026,1.226,0.822,0.677,0.147,0.461,2.153
2022,5,Netherlands,Western Europe,7.415,7.471,7.359,1.945,1.206,0.787,0.651,0.271,0.419,2.137
2022,7,Sweden,Western Europe,7.384,7.454,7.315,1.92,1.204,0.803,0.724,0.218,0.512,2.003
2022,8,Norway,Western Europe,7.365,7.44,7.29,1.997,1.239,0.786,0.728,0.217,0.474,1.925
2022,9,Israel,Middle East and North Africa,7.364,7.426,7.301,1.826,1.221,0.818,0.568,0.155,0.143,2.634
2022,10,New Zealand,North America and ANZ,7.2,7.279,7.12,1.852,1.235,0.752,0.68,0.245,0.483,1.954
2022,11,Austria,Western Europe,7.163,7.237,7.089,1.931,1.165,0.774,0.623,0.193,0.329,2.148
2022,12,Australia,North America and ANZ,7.162,7.244,7.081,1.9,1.203,0.772,0.676,0.258,0.341,2.011
2022,13,Ireland,Western Europe,7.041,7.121,6.961,2.129,1.166,0.779,0.627,0.19,0.408,1.743
2022,14,Germany,Western Europe,7.034,7.122,6.947,1.924,1.088,0.776,0.585,0.163,0.358,2.142
2022,15,Canada,North America and ANZ,7.025,7.107,6.943,1.886,1.188,0.783,0.659,0.217,0.368,1.924
2022,16,United States,North America and ANZ,6.977,7.065,6.888,1.982,1.182,0.628,0.574,0.22,0.177,2.214
2022,17,United Kingdom,Western Europe,6.943,7.018,6.867,1.867,1.143,0.75,0.597,0.289,0.329,1.967
2022,18,Czech Republic,Central and Eastern Europe,6.92,7.029,6.811,1.815,1.26,0.715,0.66,0.158,0.048,2.263
2022,19,Belgium,Western Europe,6.805,6.89,6.72,1.907,1.106,0.764,0.492,0.049,0.204,2.283
2022,20,France,Western Europe,6.687,6.758,6.615,1.863,1.219,0.808,0.567,0.07,0.266,1.895
2022,21,Bahrain,Middle East and North Africa,6.647,6.779,6.514,1.854,1.029,0.625,0.693,0.199,0.155,2.092
2022,22,Slovenia,Central and Eastern Europe,6.63,6.718,6.542,1.81,1.249,0.769,0.685,0.118,0.115,1.885
2022,23,Costa Rica,Latin America and Caribbean,6.582,6.683,6.481,1.584,1.054,0.744,0.661,0.089,0.102,2.346
2022,24,United Arab Emirates,Middle East and North Africa,6.576,6.66,6.492,1.998,0.98,0.633,0.702,0.204,0.25,1.809
2022,25,Saudi Arabia,Middle East and North Africa,6.523,6.637,6.409,1.87,1.092,0.577,0.651,0.078,0.18,2.075
2022,26,Taiwan Province of China,East Asia,6.512,6.596,6.429,1.897,1.095,0.733,0.542,0.075,0.168,2.002
2022,27,Singapore,Southeast Asia,6.48,6.569,6.392,2.149,1.127,0.851,0.672,0.163,0.587,0.932
2022,28,Romania,Central and Eastern Europe,6.477,6.575,6.379,1.719,1.006,0.655,0.605,0.039,0.006,2.446
2022,29,Spain,Western Europe,6.476,6.56,6.392,1.808,1.211,0.808,0.505,0.101,0.149,1.893
2022,30,Uruguay,Latin America and Caribbean,6.474,6.562,6.386,1.615,1.18,0.672,0.665,0.103,0.265,1.974
2022,31,Italy,Western Europe,6.467,6.57,6.363,1.834,1.052,0.801,0.412,0.085,0.059,2.222
2022,32,Kosovo,Central and Eastern Europe,6.455,6.571,6.339,1.362,0.949,0.569,0.599,0.309,0.035,2.631
2022,33,Malta,Western Europe,6.447,6.535,6.359,1.838,1.169,0.789,0.679,0.174,0.166,1.631
2022,34,Lithuania,Central and Eastern Europe,6.446,6.535,6.356,1.804,1.204,0.659,0.496,0.053,0.077,2.153
2022,35,Slovakia,Central and Eastern Europe,6.391,6.475,6.306,1.736,1.232,0.707,0.479,0.118,0.025,2.094
2022,36,Estonia,Central and Eastern Europe,6.341,6.415,6.266,1.793,1.232,0.728,0.689,0.123,0.333,1.442
2022,37,Panama,Latin America and Caribbean,6.309,6.464,6.154,1.715,1.107,0.709,0.592,0.049,0.051,2.086
2022,38,Brazil,Latin America and Caribbean,6.293,6.384,6.202,1.462,1.044,0.615,0.546,0.131,0.134,2.361
2022,40,Kazakhstan,Central and Eastern Europe,6.234,6.33,6.138,1.668,1.22,0.611,0.584,0.134,0.157,1.86
2022,41,Cyprus,Western Europe,6.221,6.32,6.122,1.815,0.909,0.819,0.448,0.123,0.062,2.044
2022,42,Latvia,Central and Eastern Europe,6.18,6.255,6.106,1.732,1.221,0.637,0.502,0.075,0.09,1.923
2022,43,Serbia,Central and Eastern Europe,6.178,6.294,6.062,1.55,1.086,0.658,0.546,0.219,0.088,2.031
2022,44,Chile,Latin America and Caribbean,6.172,6.262,6.082,1.651,1.08,0.748,0.46,0.124,0.069,2.04
2022,45,Nicaragua,Latin America and Caribbean,6.165,6.312,6.017,1.105,1.029,0.617,0.617,0.168,0.212,2.418
2022,46,Mexico,Latin America and Caribbean,6.128,6.238,6.017,1.552,0.886,0.623,0.621,0.092,0.115,2.239
2022,47,Croatia,Central and Eastern Europe,6.125,6.229,6.022,1.705,1.183,0.709,0.535,0.109,0.0,1.884
2022,48,Poland,Central and Eastern Europe,6.123,6.205,6.04,1.758,1.174,0.712,0.523,0.124,0.14,1.693
2022,49,El Salvador,Latin America and Caribbean,6.12,6.25,5.99,1.265,0.768,0.607,0.666,0.089,0.212,2.514
2022,51,Hungary,Central and Eastern Europe,6.086,6.187,5.985,1.748,1.233,0.668,0.485,0.078,0.064,1.812
2022,52,Mauritius,Sub-Saharan Africa,6.071,6.184,5.958,1.591,1.116,0.568,0.589,0.131,0.107,1.969
2022,53,Uzbekistan,Central and Eastern Europe,6.063,6.178,5.948,1.219,1.092,0.6,0.716,0.283,0.24,1.913
2022,54,Japan,East Asia,6.039,6.119,5.959,1.835,1.089,0.866,0.537,0.007,0.218,1.487
2022,55,Honduras,Latin America and Caribbean,6.022,6.189,5.855,1.111,0.885,0.555,0.582,0.202,0.076,2.611
2022,56,Portugal,Western Europe,6.016,6.122,5.911,1.76,1.078,0.777,0.655,0.016,0.039,1.691
2022,57,Argentina,Latin America and Caribbean,5.967,6.09,5.844,1.592,1.102,0.662,0.555,0.081,0.085,1.891
2022,58,Greece,Western Europe,5.948,6.043,5.853,1.703,0.98,0.774,0.249,0.015,0.108,2.119
2022,59,South Korea,East Asia,5.935,6.021,5.849,1.851,0.886,0.841,0.414,0.111,0.176,1.656
2022,60,Philippines,Southeast Asia,5.904,6.007,5.8,1.268,0.912,0.514,0.678,0.107,0.142,2.283
2022,61,Thailand,Southeast Asia,5.891,5.994,5.788,1.535,1.096,0.697,0.617,0.321,0.026,1.6
2022,62,Moldova,Central and Eastern Europe,5.857,5.948,5.766,1.417,1.008,0.597,0.561,0.102,0.028,2.142
2022,63,Jamaica,Latin America and Caribbean,5.85,6.023,5.676,1.296,1.045,0.646,0.567,0.08,0.053,2.164
2022,64,Kyrgyzstan,Central and Eastern Europe,5.828,5.916,5.741,1.069,1.109,0.638,0.693,0.208,0.025,2.087
2022,66,Colombia,Latin America and Caribbean,5.781,5.903,5.659,1.452,0.929,0.72,0.545,0.087,0.077,1.971
2022,67,Bosnia and Herzegovina,Central and Eastern Europe,5.768,5.877,5.659,1.468,1.068,0.665,0.448,0.244,0.006,1.869
2022,68,Mongolia,East Asia,5.761,5.845,5.676,1.393,1.197,0.467,0.398,0.247,0.059,1.999
2022,69,Dominican Republic,Latin America and Caribbean,5.737,5.873,5.601,1.538,1.003,0.577,0.606,0.084,0.179,1.751
2022,70,Malaysia,Southeast Asia,5.711,5.845,5.578,1.689,0.938,0.62,0.654,0.213,0.126,1.471
2022,71,Bolivia,Latin America and Caribbean,5.6,5.709,5.491,1.256,0.88,0.555,0.627,0.112,0.064,2.107
2022,72,China,East Asia,5.585,5.65,5.52,1.508,0.958,0.705,0.656,0.099,0.142,1.516
2022,73,Paraguay,Latin America and Caribbean,5.578,5.689,5.467,1.409,1.13,0.624,0.629,0.171,0.059,1.555
2022,74,Peru,Latin America and Caribbean,5.559,5.679,5.439,1.397,0.865,0.735,0.545,0.09,0.037,1.89
2022,75,Montenegro,Central and Eastern Europe,5.547,5.681,5.413,1.573,1.023,0.659,0.46,0.135,0.077,1.619
2022,76,Ecuador,Latin America and Caribbean,5.533,5.653,5.414,1.352,0.879,0.708,0.565,0.08,0.083,1.866
2022,77,Vietnam,Southeast Asia,5.485,5.57,5.4,1.252,0.932,0.611,0.707,0.143,0.105,1.735
2022,80,Russia,Central and Eastern Europe,5.459,5.525,5.392,1.685,1.095,0.586,0.401,0.117,0.08,1.494
2022,81,Hong Kong S.A.R. of China,East Asia,5.425,5.501,5.348,1.957,0.954,0.942,0.4,0.147,0.383,0.642
2022,82,Armenia,Middle East and North Africa,5.399,5.519,5.278,1.434,0.82,0.668,0.558,0.054,0.21,1.654
2022,83,Tajikistan,Central and Eastern Europe,5.377,5.468,5.287,0.966,1.005,0.518,0.572,0.118,0.304,1.895
2022,84,Nepal,South Asia,5.377,5.502,5.251,0.984,0.784,0.499,0.519,0.237,0.13,2.224
2022,85,Bulgaria,Central and Eastern Europe,5.371,5.485,5.257,1.625,1.163,0.64,0.563,0.123,0.021,1.235
2022,87,Indonesia,Southeast Asia,5.24,5.341,5.139,1.382,0.883,0.539,0.62,0.468,0.047,1.3
2022,88,Ivory Coast,Sub-Saharan Africa,5.235,5.384,5.085,1.094,0.442,0.322,0.451,0.149,0.124,2.652
2022,89,North Macedonia,Central and Eastern Europe,5.199,5.303,5.095,1.505,0.863,0.637,0.488,0.215,0.031,1.461
2022,90,Albania,Central and Eastern Europe,5.199,5.321,5.076,1.439,0.646,0.719,0.511,0.138,0.028,1.718
2022,91,South Africa,Sub-Saharan Africa,5.194,5.315,5.073,1.425,1.088,0.361,0.442,0.089,0.046,1.742
2022,94,Bangladesh,South Asia,5.155,5.262,5.049,1.06,0.614,0.581,0.622,0.125,0.187,1.967
2022,95,Laos,Southeast Asia,5.14,5.263,5.018,1.239,0.654,0.479,0.679,0.197,0.184,1.709
2022,96,Algeria,Middle East and North Africa,5.122,5.215,5.03,1.363,0.97,0.643,0.146,0.106,0.15,1.744
2022,98,Ukraine,Central and Eastern Europe,5.084,5.19,4.978,1.411,1.081,0.583,0.473,0.188,0.017,1.331
2022,99,Congo,Sub-Saharan Africa,5.075,5.235,4.915,0.95,0.405,0.355,0.431,0.13,0.146,2.658
2022,100,Morocco,Middle East and North Africa,5.06,5.181,4.938,1.208,0.268,0.565,0.492,0.02,0.102,2.405
2022,101,Mozambique,Sub-Saharan Africa,5.048,5.273,4.823,0.578,0.66,0.191,0.593,0.185,0.2,2.641
2022,102,Cameroon,Sub-Saharan Africa,5.048,5.188,4.907,0.968,0.672,0.317,0.397,0.152,0.074,2.469
2022,103,Senegal,Sub-Saharan Africa,5.046,5.171,4.921,0.933,0.53,0.447,0.494,0.143,0.081,2.419
2022,105,Georgia,Central and Eastern Europe,4.973,5.079,4.867,1.467,0.612,0.595,0.508,0.0,0.208,1.583
2022,106,Gabon,Sub-Saharan Africa,4.958,5.091,4.826,1.459,0.738,0.396,0.343,0.032,0.099,1.892
2022,107,Iraq,Middle East and North Africa,4.941,5.099,4.783,1.289,0.682,0.554,0.328,0.147,0.046,1.894
2022,108,Venezuela,Latin America and Caribbean,4.925,5.051,4.8,0.0,0.968,0.578,0.283,0.225,0.082,2.79
2022,109,Guinea,Sub-Saharan Africa,4.891,5.028,4.753,0.848,0.566,0.275,0.334,0.214,0.116,2.538
2022,110,Iran,Middle East and North Africa,4.888,4.995,4.78,1.41,0.741,0.642,0.281,0.241,0.146,1.427
2022,111,Ghana,Sub-Saharan Africa,4.872,4.999,4.745,1.112,0.595,0.409,0.5,0.23,0.056,1.972
2022,112,Turkey,Middle East and North Africa,4.744,4.845,4.644,1.707,0.865,0.702,0.209,0.087,0.115,1.059
2022,113,Burkina Faso,Sub-Saharan Africa,4.67,4.814,4.527,0.779,0.565,0.32,0.382,0.186,0.126,2.313
2022,114,Cambodia,Southeast Asia,4.64,4.765,4.516,1.019,0.732,0.505,0.74,0.166,0.068,1.41
2022,115,Benin,Sub-Saharan Africa,4.623,4.754,4.492,0.932,0.064,0.335,0.479,0.127,0.23,2.458
2022,117,Uganda,Sub-Saharan Africa,4.603,4.747,4.459,0.777,0.875,0.418,0.402,0.222,0.066,1.842
2022,118,Nigeria,Sub-Saharan Africa,4.552,4.651,4.453,1.079,0.732,0.3,0.444,0.175,0.038,1.784
2022,119,Kenya,Sub-Saharan Africa,4.543,4.683,4.403,1.032,0.605,0.401,0.44,0.322,0.082,1.661
2022,120,Tunisia,Middle East and North Africa,4.516,4.629,4.403,1.35,0.596,0.656,0.316,0.029,0.029,1.54
2022,121,Pakistan,South Asia,4.516,4.634,4.397,1.049,0.413,0.374,0.448,0.181,0.112,1.94
2022,123,Mali,Sub-Saharan Africa,4.479,4.611,4.347,0.792,0.483,0.311,0.35,0.128,0.042,2.373
2022,124,Namibia,Sub-Saharan Africa,4.459,4.593,4.326,1.292,0.877,0.354,0.384,0.067,0.071,1.414
2022,126,Myanmar,Southeast Asia,4.394,4.511,4.277,1.038,0.829,0.491,0.513,0.452,0.194,0.877
2022,127,Sri Lanka,South Asia,4.362,4.487,4.237,1.415,0.934,0.66,0.529,0.15,0.079,0.595
2022,129,Egypt,Middle East and North Africa,4.288,4.377,4.198,1.388,0.732,0.548,0.469,0.041,0.254,0.856
2022,131,Ethiopia,Sub-Saharan Africa,4.241,4.365,4.118,0.788,0.809,0.457,0.472,0.205,0.136,1.375
2022,134,Jordan,Middle East and North Africa,4.152,4.276,4.029,1.324,0.724,0.675,0.476,0.058,0.2,0.695
2022,135,Togo,Sub-Saharan Africa,4.112,4.272,3.953,0.771,0.322,0.36,0.292,0.174,0.132,2.061
2022,136,India,South Asia,3.777,3.828,3.726,1.167,0.376,0.471,0.647,0.198,0.123,0.795
2022,137,Zambia,Sub-Saharan Africa,3.76,3.902,3.618,0.93,0.577,0.306,0.525,0.203,0.083,1.135
2022,138,Malawi,Sub-Saharan Africa,3.75,3.941,3.56,0.648,0.279,0.388,0.477,0.14,0.157,1.661
2022,139,Tanzania,Sub-Saharan Africa,3.702,3.847,3.558,0.848,0.597,0.425,0.578,0.248,0.27,0.735
2022,140,Sierra Leone,Sub-Saharan Africa,3.574,3.732,3.416,0.686,0.416,0.273,0.387,0.202,0.055,1.556
2022,144,Zimbabwe,Sub-Saharan Africa,2.995,3.11,2.88,0.947,0.69,0.27,0.329,0.106,0.105,0.548
2022,145,Lebanon,Middle East and North Africa,2.955,3.049,2.862,1.392,0.498,0.631,0.103,0.082,0.034,0.216
2022,146,Afghanistan,South Asia,2.404,2.469,2.339,0.758,0.0,0.289,0.0,0.089,0.005,1.263
